{
  "_format": "hh-sol-cache-2",
  "files": {
    "C:\\Users\\tamhe\\OneDrive\\Desktop\\ABSF-2025\\absf-2025\\contracts\\OptimisticOracle.sol": {
      "lastModificationDate": 1748515669627,
      "contentHash": "705e6225008b376bea95b4bb03f4ca64",
      "sourceName": "contracts/OptimisticOracle.sol",
      "solcConfig": {
        "version": "0.8.20",
        "settings": {
          "evmVersion": "paris",
          "optimizer": {
            "enabled": false,
            "runs": 200
          },
          "outputSelection": {
            "*": {
              "*": [
                "abi",
                "evm.bytecode",
                "evm.deployedBytecode",
                "evm.methodIdentifiers",
                "metadata"
              ],
              "": [
                "ast"
              ]
            }
          }
        }
      },
      "imports": [],
      "versionPragmas": [
        "^0.8.20"
      ],
      "artifacts": [
        "OptimisticOracle"
      ]
    }
  }
}
